{
"sample" : "HDalitz",
"analysisBranch" : "HtoJPsi",
"selCategory" : "Cat0",
"systMaskYields" : "ZZZZZ",
"total" : 67.7509038751234,
"trigger" : 36.9698846019668,
"muon_presel" : 30.3951251718814,
"muon_id" : 26.2877779186509,
"photon_sel" : 21.0801043529695,
"deltaR_muon_to_photon" : 20.3639585372906,
"deltaRPhi_quarkonia_to_photon" : 17.6914655452781,
"quarkonia_mass_cut" : 0.20641043115061,
"ratio_cuts" : 0.196418241389271,
"hz_mass_cut" : 0.194675937324156
}
