{
"sample" : "ZToUpsilon1SGamma",
"analysisBranch" : "ZtoUpsilon",
"selCategory" : "Cat0",
"systMaskYields" : "ZZMZZ",
"total" : 1.75237109656077,
"trigger" : 0.903692192456976,
"muon_presel" : 0.70378472335283,
"muon_id" : 0.589739833918475,
"photon_sel" : 0.447981314215357,
"deltaR_muon_to_photon" : 0.446413595869009,
"deltaRPhi_quarkonia_to_photon" : 0.429915754839052,
"quarkonia_mass_cut" : 0.371460723335847,
"ratio_cuts" : 0.301184001603228,
"hz_mass_cut" : 0.29706312461571
}
