{
"sample" : "ZToUpsilon3SGamma",
"analysisBranch" : "ZtoUpsilon",
"selCategory" : "Cat2",
"systMaskYields" : "ZZZMZ",
"total" : 1.86772252507862,
"trigger" : 0.968975485283772,
"muon_presel" : 0.756903479800543,
"muon_id" : 0.664245191328647,
"photon_sel" : 0.5044655515237,
"deltaR_muon_to_photon" : 0.502697196132862,
"deltaRPhi_quarkonia_to_photon" : 0.483438258569676,
"quarkonia_mass_cut" : 0.00587279202278774,
"ratio_cuts" : 0.0048346170216299,
"hz_mass_cut" : 0.00153553536704954
}
