{
"sample" : "ZToUpsilon1SGamma",
"analysisBranch" : "ZtoUpsilon",
"selCategory" : "Cat3",
"systMaskYields" : "ZZZZM",
"total" : 1.75237109656077,
"trigger" : 0.903692192456976,
"muon_presel" : 0.70378472335283,
"muon_id" : 0.613601757835084,
"photon_sel" : 0.465494156528557,
"deltaR_muon_to_photon" : 0.463854350714696,
"deltaRPhi_quarkonia_to_photon" : 0.446739124057725,
"quarkonia_mass_cut" : 0.385643423031228,
"ratio_cuts" : 0.312131137976294,
"hz_mass_cut" : 0.0563093408563208
}
