{
"sample" : "ZGTo2MuG_MMuMu-2To15",
"analysisBranch" : "ZtoUpsilon",
"selCategory" : "Cat2",
"systMaskYields" : "ZMZZZ",
"total" : 2864.9146126141,
"trigger" : 1597.88309425018,
"muon_presel" : 1245.5095710051,
"muon_id" : 1104.87011502873,
"photon_sel" : 841.950758992179,
"deltaR_muon_to_photon" : 840.705496552853,
"deltaRPhi_quarkonia_to_photon" : 812.728784633897,
"quarkonia_mass_cut" : 28.8760452281548,
"ratio_cuts" : 23.5364949160357,
"hz_mass_cut" : 6.78810714625789
}
