{
"sample" : "HToUpsilon1SGamma",
"analysisBranch" : "HtoUpsilon",
"selCategory" : "Cat0",
"systMaskYields" : "ZZZZP",
"total" : 0.000230483004266278,
"trigger" : 0.000122454754807425,
"muon_presel" : 9.58515098342535e-05,
"muon_id" : 8.26328868298237e-05,
"photon_sel" : 6.61875824938094e-05,
"deltaR_muon_to_photon" : 6.39071469887636e-05,
"deltaRPhi_quarkonia_to_photon" : 5.29855089518959e-05,
"quarkonia_mass_cut" : 5.08971044024502e-05,
"ratio_cuts" : 4.77088876810188e-05,
"hz_mass_cut" : 4.76538348406822e-05
}
