{
"sample" : "HToUpsilonGamma",
"analysisBranch" : "HtoUpsilon",
"selCategory" : "Cat0",
"systMaskYields" : "ZZZZP",
"total" : 0.000428991623135,
"trigger" : 0.000228036520589,
"muon_presel" : 0.000178446334505,
"muon_id" : 0.000153790618995,
"photon_sel" : 0.000123120201617,
"deltaR_muon_to_photon" : 0.00011885767248,
"deltaRPhi_quarkonia_to_photon" : 9.87674118387e-05,
"quarkonia_mass_cut" : 9.52977652222e-05,
"ratio_cuts" : 8.93132231231e-05,
"hz_mass_cut" : 8.92029246569e-05
}