{
"sample" : "HToUpsilon2SGamma",
"analysisBranch" : "HtoUpsilon",
"selCategory" : "Cat0",
"systMaskYields" : "ZZZPZ",
"total" : 0.000101227030746166,
"trigger" : 5.38565417658404e-05,
"muon_presel" : 4.20573162632589e-05,
"muon_id" : 3.61942334589161e-05,
"photon_sel" : 2.89551760637718e-05,
"deltaR_muon_to_photon" : 2.79514649358599e-05,
"deltaRPhi_quarkonia_to_photon" : 2.32854206173692e-05,
"quarkonia_mass_cut" : 2.2545763986059e-05,
"ratio_cuts" : 2.10925159239084e-05,
"hz_mass_cut" : 2.10604764841932e-05
}
