{
"sample" : "HToUpsilon3SGamma",
"analysisBranch" : "HtoUpsilon",
"selCategory" : "Cat0",
"systMaskYields" : "ZMZZZ",
"total" : 9.72815881221972e-05,
"trigger" : 4.22455086978801e-05,
"muon_presel" : 3.30614309394559e-05,
"muon_id" : 2.86846677891238e-05,
"photon_sel" : 2.2794835465485e-05,
"deltaR_muon_to_photon" : 2.28362159110724e-05,
"deltaRPhi_quarkonia_to_photon" : 2.05056159731905e-05,
"quarkonia_mass_cut" : 1.99907818771998e-05,
"ratio_cuts" : 1.90757902550476e-05,
"hz_mass_cut" : 1.90584662654552e-05
}
