{
"sample" : "HToUpsilon3SGamma",
"analysisBranch" : "HtoUpsilon",
"selCategory" : "Cat0",
"systMaskYields" : "ZZZZZ",
"total" : 9.72815881221972e-05,
"trigger" : 5.17252240161044e-05,
"muon_presel" : 4.053750840729e-05,
"muon_id" : 3.49634987062724e-05,
"photon_sel" : 2.77247618467586e-05,
"deltaR_muon_to_photon" : 2.67597902332763e-05,
"deltaRPhi_quarkonia_to_photon" : 2.23024802821309e-05,
"quarkonia_mass_cut" : 2.16662906128849e-05,
"ratio_cuts" : 2.03338114159364e-05,
"hz_mass_cut" : 2.03107484170281e-05
}
