{
"sample" : "ZToUpsilon2SGamma",
"analysisBranch" : "ZtoUpsilon",
"selCategory" : "Cat2",
"systMaskYields" : "ZZZZM",
"total" : 1.88910403141445,
"trigger" : 0.985632480229882,
"muon_presel" : 0.764274248378116,
"muon_id" : 0.665376238526876,
"photon_sel" : 0.507167315835791,
"deltaR_muon_to_photon" : 0.50517376060416,
"deltaRPhi_quarkonia_to_photon" : 0.486262261160869,
"quarkonia_mass_cut" : 0.0133304147320811,
"ratio_cuts" : 0.0101106705701258,
"hz_mass_cut" : 0.00216925301162423
}
