{
"sample" : "ZToJPsiGamma",
"analysisBranch" : "ZtoJPsi",
"selCategory" : "Cat2",
"systMaskYields" : "ZZZZM",
"total" : 8.34771649485156,
"trigger" : 4.26587054356651,
"muon_presel" : 3.32239242980741,
"muon_id" : 2.87475482654509,
"photon_sel" : 2.20532018544855,
"deltaR_muon_to_photon" : 2.19943437386858,
"deltaRPhi_quarkonia_to_photon" : 2.12442260940678,
"quarkonia_mass_cut" : 1.96498768907586,
"ratio_cuts" : 1.62123408058352,
"hz_mass_cut" : 0.442790040002343
}
