{
"sample" : "HToUpsilon3SGamma",
"analysisBranch" : "HtoUpsilon",
"selCategory" : "Cat0",
"systMaskYields" : "MZZZZ",
"total" : 9.70851976112682e-05,
"trigger" : 5.16954336019998e-05,
"muon_presel" : 4.04312833005116e-05,
"muon_id" : 3.51157242088068e-05,
"photon_sel" : 2.78765716657441e-05,
"deltaR_muon_to_photon" : 2.69073260569515e-05,
"deltaRPhi_quarkonia_to_photon" : 2.24204820719469e-05,
"quarkonia_mass_cut" : 2.18032588126919e-05,
"ratio_cuts" : 2.04598886609376e-05,
"hz_mass_cut" : 2.04372627276149e-05
}
