{
"sample" : "ZToUpsilon2SGamma",
"analysisBranch" : "ZtoUpsilon",
"selCategory" : "Cat1",
"systMaskYields" : "PZZZZ",
"total" : 1.90294057881545,
"trigger" : 0.990429433518366,
"muon_presel" : 0.770212811662373,
"muon_id" : 0.665608975406375,
"photon_sel" : 0.512191310557273,
"deltaR_muon_to_photon" : 0.510129352573576,
"deltaRPhi_quarkonia_to_photon" : 0.491055352643683,
"quarkonia_mass_cut" : 0.0133721195799557,
"ratio_cuts" : 0.0102195329966999,
"hz_mass_cut" : 0.00538815563491005
}
