{
"sample" : "HDalitz",
"analysisBranch" : "HtoJPsi",
"selCategory" : "Cat0",
"systMaskYields" : "ZZMZZ",
"total" : 67.7509038751234,
"trigger" : 36.9698846019668,
"muon_presel" : 30.3951251718814,
"muon_id" : 25.2595327102184,
"photon_sel" : 20.1179017162631,
"deltaR_muon_to_photon" : 19.4397077807139,
"deltaRPhi_quarkonia_to_photon" : 16.9000350951049,
"quarkonia_mass_cut" : 0.197274057083345,
"ratio_cuts" : 0.187897894344458,
"hz_mass_cut" : 0.186244961405003
}
