{
"sample" : "ZToJPsiGamma",
"analysisBranch" : "ZtoJPsi",
"selCategory" : "Cat1",
"systMaskYields" : "MZZZZ",
"total" : 8.35640046190535,
"trigger" : 4.27728772498012,
"muon_presel" : 3.32619193998579,
"muon_id" : 2.8945245391547,
"photon_sel" : 2.24618155633349,
"deltaR_muon_to_photon" : 2.24031107990619,
"deltaRPhi_quarkonia_to_photon" : 2.16430454767198,
"quarkonia_mass_cut" : 2.00308129399412,
"ratio_cuts" : 1.65181756893461,
"hz_mass_cut" : 0.864173969606918
}
