{
"sample" : "HDalitz",
"analysisBranch" : "HtoJPsi",
"selCategory" : "Cat0",
"systMaskYields" : "MZZZZ",
"total" : 67.9627588446877,
"trigger" : 37.1052807655319,
"muon_presel" : 30.4507196798544,
"muon_id" : 26.4874249831328,
"photon_sel" : 21.2467837184609,
"deltaR_muon_to_photon" : 20.5274067493061,
"deltaRPhi_quarkonia_to_photon" : 17.8370113137092,
"quarkonia_mass_cut" : 0.210397648153786,
"ratio_cuts" : 0.200199102783887,
"hz_mass_cut" : 0.198156723904056
}
