{
"sample" : "HToUpsilonGamma",
"analysisBranch" : "HtoUpsilon",
"selCategory" : "Cat0",
"systMaskYields" : "ZZPZZ",
"total" : 0.000428991623135,
"trigger" : 0.000228036520589,
"muon_presel" : 0.000178446334505,
"muon_id" : 0.000159839521255,
"photon_sel" : 0.000127477312615,
"deltaR_muon_to_photon" : 0.000123029247747,
"deltaRPhi_quarkonia_to_photon" : 0.000102157788287,
"quarkonia_mass_cut" : 9.85543047367e-05,
"ratio_cuts" : 9.22849136719e-05,
"hz_mass_cut" : 9.21697854374e-05
}