{
"sample" : "ZToUpsilon2SGamma",
"analysisBranch" : "ZtoUpsilon",
"selCategory" : "Cat3",
"systMaskYields" : "ZPZZZ",
"total" : 1.88910403141445,
"trigger" : 1.03354025622015,
"muon_presel" : 0.801527450888823,
"muon_id" : 0.697650518718268,
"photon_sel" : 0.537397051553984,
"deltaR_muon_to_photon" : 0.534408907866257,
"deltaRPhi_quarkonia_to_photon" : 0.513398955497748,
"quarkonia_mass_cut" : 0.0141118237659304,
"ratio_cuts" : 0.0106835587306941,
"hz_mass_cut" : 0.00262165872563981
}
