{
"sample" : "HDalitz",
"analysisBranch" : "HtoJPsi",
"selCategory" : "Cat0",
"systMaskYields" : "PZZZZ",
"total" : 67.6012373860023,
"trigger" : 36.8610750287377,
"muon_presel" : 30.3601664693876,
"muon_id" : 26.1028167477243,
"photon_sel" : 20.923003780359,
"deltaR_muon_to_photon" : 20.2098616543715,
"deltaRPhi_quarkonia_to_photon" : 17.5566788651975,
"quarkonia_mass_cut" : 0.203015652505583,
"ratio_cuts" : 0.193236686730342,
"hz_mass_cut" : 0.191718200859027
}
