{
"sample" : "HToUpsilon3SGamma",
"analysisBranch" : "HtoUpsilon",
"selCategory" : "Cat0",
"systMaskYields" : "ZZZZM",
"total" : 9.72815881221972e-05,
"trigger" : 5.17252240161044e-05,
"muon_presel" : 4.053750840729e-05,
"muon_id" : 3.49634987062724e-05,
"photon_sel" : 2.74361670068552e-05,
"deltaR_muon_to_photon" : 2.64818715501205e-05,
"deltaRPhi_quarkonia_to_photon" : 2.20714463363566e-05,
"quarkonia_mass_cut" : 2.1441795510435e-05,
"ratio_cuts" : 2.01224353304881e-05,
"hz_mass_cut" : 2.00995826473606e-05
}
