{
"sample" : "HToUpsilon2SGamma",
"analysisBranch" : "HtoUpsilon",
"selCategory" : "Cat0",
"systMaskYields" : "ZZZMZ",
"total" : 0.000101227030746166,
"trigger" : 5.38565417658404e-05,
"muon_presel" : 4.20573162632589e-05,
"muon_id" : 3.61942334589161e-05,
"photon_sel" : 2.82873970323955e-05,
"deltaR_muon_to_photon" : 2.73001493417248e-05,
"deltaRPhi_quarkonia_to_photon" : 2.27339497074736e-05,
"quarkonia_mass_cut" : 2.20116251184686e-05,
"ratio_cuts" : 2.05917626748068e-05,
"hz_mass_cut" : 2.0560421438233e-05
}
