{
"sample" : "ZToUpsilon3SGamma",
"analysisBranch" : "ZtoUpsilon",
"selCategory" : "Cat2",
"systMaskYields" : "PZZZZ",
"total" : 1.87479670633118,
"trigger" : 0.971812383265455,
"muon_presel" : 0.759881483402736,
"muon_id" : 0.663696153141581,
"photon_sel" : 0.509225575933464,
"deltaR_muon_to_photon" : 0.507372087967647,
"deltaRPhi_quarkonia_to_photon" : 0.487947626993625,
"quarkonia_mass_cut" : 0.00602235588157122,
"ratio_cuts" : 0.00494675699259675,
"hz_mass_cut" : 0.00157220659698591
}
