{
"sample" : "ZToUpsilon1SGamma",
"analysisBranch" : "ZtoUpsilon",
"selCategory" : "Cat3",
"systMaskYields" : "ZZZZZ",
"total" : 1.75237109656077,
"trigger" : 0.903692192456976,
"muon_presel" : 0.70378472335283,
"muon_id" : 0.613601757835084,
"photon_sel" : 0.470425603237397,
"deltaR_muon_to_photon" : 0.46876926299905,
"deltaRPhi_quarkonia_to_photon" : 0.451469102398155,
"quarkonia_mass_cut" : 0.389757855998078,
"ratio_cuts" : 0.315477447388913,
"hz_mass_cut" : 0.056561361098176
}
