{
"sample" : "HToUpsilonGamma",
"analysisBranch" : "HtoUpsilon",
"selCategory" : "Cat0",
"systMaskYields" : "ZPZZZ",
"total" : 0.000428991623135,
"trigger" : 0.000270660331848,
"muon_presel" : 0.000211954366457,
"muon_id" : 0.000181817229009,
"photon_sel" : 0.000143848539184,
"deltaR_muon_to_photon" : 0.000135254229092,
"deltaRPhi_quarkonia_to_photon" : 0.000105768813522,
"quarkonia_mass_cut" : 0.000101768638423,
"ratio_cuts" : 9.3963664934e-05,
"hz_mass_cut" : 9.38248716491e-05
}