{
"sample" : "HToUpsilon1SGamma",
"analysisBranch" : "HtoUpsilon",
"selCategory" : "Cat0",
"systMaskYields" : "ZPZZZ",
"total" : 0.000230483004266278,
"trigger" : 0.000145638183442999,
"muon_presel" : 0.000114071058878698,
"muon_id" : 9.78671517625541e-05,
"photon_sel" : 7.74263853233135e-05,
"deltaR_muon_to_photon" : 7.28271038088625e-05,
"deltaRPhi_quarkonia_to_photon" : 5.67611694526092e-05,
"quarkonia_mass_cut" : 5.43661058528845e-05,
"ratio_cuts" : 5.01937058082097e-05,
"hz_mass_cut" : 5.01262717516833e-05
}
