{
"sample" : "ZToUpsilon3SGamma",
"analysisBranch" : "ZtoUpsilon",
"selCategory" : "Cat2",
"systMaskYields" : "ZZZZZ",
"total" : 1.86772252507862,
"trigger" : 0.968975485283772,
"muon_presel" : 0.756903479800543,
"muon_id" : 0.664245191328647,
"photon_sel" : 0.510188513063376,
"deltaR_muon_to_photon" : 0.508401871670458,
"deltaRPhi_quarkonia_to_photon" : 0.488915264743332,
"quarkonia_mass_cut" : 0.00595535066798159,
"ratio_cuts" : 0.00490400120270599,
"hz_mass_cut" : 0.00156900535099407
}
