{
"sample" : "ZToUpsilon3SGamma",
"analysisBranch" : "ZtoUpsilon",
"selCategory" : "Cat1",
"systMaskYields" : "ZZZPZ",
"total" : 1.86772252507862,
"trigger" : 0.968975485283772,
"muon_presel" : 0.756903479800543,
"muon_id" : 0.664245191328647,
"photon_sel" : 0.515911474603054,
"deltaR_muon_to_photon" : 0.514106547208057,
"deltaRPhi_quarkonia_to_photon" : 0.494392270916992,
"quarkonia_mass_cut" : 0.00603790931317543,
"ratio_cuts" : 0.00497338538378207,
"hz_mass_cut" : 0.00227044576807315
}
