{
"sample" : "ZGTo2MuG_MMuMu-2To15",
"analysisBranch" : "ZtoJPsi",
"selCategory" : "Cat3",
"systMaskYields" : "MZZZZ",
"total" : 2865.4391260493,
"trigger" : 1687.19385505173,
"muon_presel" : 1312.61851665611,
"muon_id" : 1171.49396383508,
"photon_sel" : 893.264786956663,
"deltaR_muon_to_photon" : 889.741381596813,
"deltaRPhi_quarkonia_to_photon" : 858.097034834876,
"quarkonia_mass_cut" : 4.73683127677501,
"ratio_cuts" : 4.01671114771303,
"hz_mass_cut" : 1.05474303991701
}
