{
"sample" : "ZToUpsilon1SGamma",
"analysisBranch" : "ZtoUpsilon",
"selCategory" : "Cat1",
"systMaskYields" : "ZZPZZ",
"total" : 1.75237109656077,
"trigger" : 0.903692192456976,
"muon_presel" : 0.70378472335283,
"muon_id" : 0.637463681751691,
"photon_sel" : 0.492869892259441,
"deltaR_muon_to_photon" : 0.491124930129094,
"deltaRPhi_quarkonia_to_photon" : 0.473022449957261,
"quarkonia_mass_cut" : 0.408054988660308,
"ratio_cuts" : 0.329770893174599,
"hz_mass_cut" : 0.175748978377
}
