{
"sample" : "HToUpsilon2SGamma",
"analysisBranch" : "HtoUpsilon",
"selCategory" : "Cat0",
"systMaskYields" : "ZZZZP",
"total" : 0.000101227030746166,
"trigger" : 5.38565417658404e-05,
"muon_presel" : 4.20573162632589e-05,
"muon_id" : 3.61942334589161e-05,
"photon_sel" : 2.89192624362735e-05,
"deltaR_muon_to_photon" : 2.79128165748531e-05,
"deltaRPhi_quarkonia_to_photon" : 2.32483886588534e-05,
"quarkonia_mass_cut" : 2.25098751043971e-05,
"ratio_cuts" : 2.10591479407276e-05,
"hz_mass_cut" : 2.1027175629473e-05
}
