{
"sample" : "HToUpsilonGamma",
"analysisBranch" : "HtoUpsilon",
"selCategory" : "Cat0",
"systMaskYields" : "ZZZPZ",
"total" : 0.000428991623135,
"trigger" : 0.000228036520589,
"muon_presel" : 0.000178446334505,
"muon_id" : 0.000153790618995,
"photon_sel" : 0.000123269828387,
"deltaR_muon_to_photon" : 0.000119018924156,
"deltaRPhi_quarkonia_to_photon" : 9.89233682745e-05,
"quarkonia_mass_cut" : 9.54488722551e-05,
"ratio_cuts" : 8.94551244922e-05,
"hz_mass_cut" : 8.93445273102e-05
}