{
"sample" : "ZToUpsilon2SGamma",
"analysisBranch" : "ZtoUpsilon",
"selCategory" : "Cat0",
"systMaskYields" : "MZZZZ",
"total" : 1.8794225094199,
"trigger" : 0.982961055248494,
"muon_presel" : 0.759988078905611,
"muon_id" : 0.666407750688027,
"photon_sel" : 0.513758628412227,
"deltaR_muon_to_photon" : 0.51178082290483,
"deltaRPhi_quarkonia_to_photon" : 0.492653531087572,
"quarkonia_mass_cut" : 0.0136565302160721,
"ratio_cuts" : 0.01027685834542,
"hz_mass_cut" : 0.0101306169114799
}
