{
"sample" : "ZToUpsilon1SGamma",
"analysisBranch" : "ZtoUpsilon",
"selCategory" : "Cat3",
"systMaskYields" : "PZZZZ",
"total" : 1.75160927942069,
"trigger" : 0.90298829950715,
"muon_presel" : 0.704620748781276,
"muon_id" : 0.61009034818388,
"photon_sel" : 0.467017185343941,
"deltaR_muon_to_photon" : 0.465349047728139,
"deltaRPhi_quarkonia_to_photon" : 0.448086759891371,
"quarkonia_mass_cut" : 0.386419912551712,
"ratio_cuts" : 0.312737541891907,
"hz_mass_cut" : 0.0557006579899767
}
