{
"sample" : "ZGTo2MuG_MMuMu-2To15",
"analysisBranch" : "ZtoUpsilon",
"selCategory" : "Cat1",
"systMaskYields" : "PZZZZ",
"total" : 2865.65701528531,
"trigger" : 1683.82160260739,
"muon_presel" : 1315.28496914488,
"muon_id" : 1158.82767455805,
"photon_sel" : 881.73451322949,
"deltaR_muon_to_photon" : 878.086658670429,
"deltaRPhi_quarkonia_to_photon" : 846.85332063274,
"quarkonia_mass_cut" : 30.0650974559329,
"ratio_cuts" : 24.5227474419436,
"hz_mass_cut" : 12.0058100235508
}
