{
"sample" : "ZToJPsiGamma",
"analysisBranch" : "ZtoJPsi",
"selCategory" : "Cat0",
"systMaskYields" : "ZPZZZ",
"total" : 8.34771649485156,
"trigger" : 4.46864438669294,
"muon_presel" : 3.48162544296821,
"muon_id" : 3.01249155908837,
"photon_sel" : 2.33519276788723,
"deltaR_muon_to_photon" : 2.32618642787125,
"deltaRPhi_quarkonia_to_photon" : 2.2423242859798,
"quarkonia_mass_cut" : 2.07364752264843,
"ratio_cuts" : 1.70975386691875,
"hz_mass_cut" : 1.68480090144453
}
