{
"sample" : "ZGTo2MuG_MMuMu-2To15",
"analysisBranch" : "ZtoJPsi",
"selCategory" : "Cat1",
"systMaskYields" : "ZZPZZ",
"total" : 2864.9146126141,
"trigger" : 1685.0989574499,
"muon_presel" : 1313.60565292429,
"muon_id" : 1209.25195692825,
"photon_sel" : 928.860420702452,
"deltaR_muon_to_photon" : 925.097284202987,
"deltaRPhi_quarkonia_to_photon" : 892.26037188371,
"quarkonia_mass_cut" : 4.91620948455232,
"ratio_cuts" : 4.14828911223976,
"hz_mass_cut" : 2.0018567014609
}
