{
"sample" : "HToJPsiGamma",
"analysisBranch" : "HtoJPsi",
"selCategory" : "Cat0",
"systMaskYields" : "ZZZZZ",
"total" : 0.33238034796487,
"trigger" : 0.173276826044355,
"muon_presel" : 0.13811066699257,
"muon_id" : 0.118373582780037,
"photon_sel" : 0.094103537979617,
"deltaR_muon_to_photon" : 0.091363158439927,
"deltaRPhi_quarkonia_to_photon" : 0.0753797858466135,
"quarkonia_mass_cut" : 0.0690383461504904,
"ratio_cuts" : 0.0651597783068839,
"hz_mass_cut" : 0.0650774186491269
}
