{
"sample" : "ZToUpsilon3SGamma",
"analysisBranch" : "ZtoUpsilon",
"selCategory" : "Cat3",
"systMaskYields" : "ZMZZZ",
"total" : 1.86772252507862,
"trigger" : 0.921682688019095,
"muon_presel" : 0.719827388975382,
"muon_id" : 0.631608354135939,
"photon_sel" : 0.485262457523387,
"deltaR_muon_to_photon" : 0.484592651619032,
"deltaRPhi_quarkonia_to_photon" : 0.466965518415417,
"quarkonia_mass_cut" : 0.00569248793183728,
"ratio_cuts" : 0.00468968248476536,
"hz_mass_cut" : 0.000982232684934863
}
