{
"sample" : "ZToUpsilon3SGamma",
"analysisBranch" : "ZtoUpsilon",
"selCategory" : "Cat1",
"systMaskYields" : "MZZZZ",
"total" : 1.84956216340189,
"trigger" : 0.960329428957846,
"muon_presel" : 0.749408040113905,
"muon_id" : 0.66085444214518,
"photon_sel" : 0.508159022233989,
"deltaR_muon_to_photon" : 0.506455956275778,
"deltaRPhi_quarkonia_to_photon" : 0.487012937459694,
"quarkonia_mass_cut" : 0.0058604976428649,
"ratio_cuts" : 0.00483063771843796,
"hz_mass_cut" : 0.00223069458329942
}
