{
"sample" : "ZToJPsiGamma",
"analysisBranch" : "ZtoJPsi",
"selCategory" : "Cat2",
"systMaskYields" : "ZZZZP",
"total" : 8.34771649485156,
"trigger" : 4.26587054356651,
"muon_presel" : 3.32239242980741,
"muon_id" : 2.87475482654509,
"photon_sel" : 2.2518246498209,
"deltaR_muon_to_photon" : 2.24580900026782,
"deltaRPhi_quarkonia_to_photon" : 2.169190264898,
"quarkonia_mass_cut" : 2.00658936522162,
"ratio_cuts" : 1.65573314218093,
"hz_mass_cut" : 0.453522704175941
}
