{
"sample" : "ZToJPsiGamma",
"analysisBranch" : "ZtoJPsi",
"selCategory" : "Cat2",
"systMaskYields" : "PZZZZ",
"total" : 8.33974253801924,
"trigger" : 4.2542888253484,
"muon_presel" : 3.31884814942719,
"muon_id" : 2.85476077493961,
"photon_sel" : 2.21103720011806,
"deltaR_muon_to_photon" : 2.20502761039357,
"deltaRPhi_quarkonia_to_photon" : 2.12926497652104,
"quarkonia_mass_cut" : 1.96829266413033,
"ratio_cuts" : 1.62477912193804,
"hz_mass_cut" : 0.44674662227806
}
