{
"sample" : "HToJPsiGamma",
"analysisBranch" : "HtoJPsi",
"selCategory" : "Cat0",
"systMaskYields" : "ZZZZP",
"total" : 0.33238034796487,
"trigger" : 0.173276826044355,
"muon_presel" : 0.13811066699257,
"muon_id" : 0.118373582780037,
"photon_sel" : 0.0950863170107118,
"deltaR_muon_to_photon" : 0.0923154058805856,
"deltaRPhi_quarkonia_to_photon" : 0.0761643118003561,
"quarkonia_mass_cut" : 0.0697591614627026,
"ratio_cuts" : 0.0658416327727492,
"hz_mass_cut" : 0.0657585719127323
}
