{
"sample" : "ZToUpsilon1SGamma",
"analysisBranch" : "ZtoUpsilon",
"selCategory" : "Cat2",
"systMaskYields" : "ZZZMZ",
"total" : 1.75237109656077,
"trigger" : 0.903692192456976,
"muon_presel" : 0.70378472335283,
"muon_id" : 0.613601757835084,
"photon_sel" : 0.465052981506591,
"deltaR_muon_to_photon" : 0.463413101183902,
"deltaRPhi_quarkonia_to_photon" : 0.446313722817179,
"quarkonia_mass_cut" : 0.385323249857887,
"ratio_cuts" : 0.311940340270633,
"hz_mass_cut" : 0.0850168068818797
}
