{
"sample" : "ZToUpsilon1SGamma",
"analysisBranch" : "ZtoUpsilon",
"selCategory" : "Cat3",
"systMaskYields" : "MZZZZ",
"total" : 1.7533298727549,
"trigger" : 0.904437920931026,
"muon_presel" : 0.702947736932518,
"muon_id" : 0.617050464441728,
"photon_sel" : 0.47372250331186,
"deltaR_muon_to_photon" : 0.472077438772845,
"deltaRPhi_quarkonia_to_photon" : 0.454745891327834,
"quarkonia_mass_cut" : 0.392962187905144,
"ratio_cuts" : 0.318055356836699,
"hz_mass_cut" : 0.0573545543043023
}
