{
"sample" : "HDalitz",
"analysisBranch" : "HtoUpsilon",
"selCategory" : "Cat0",
"systMaskYields" : "ZPZZZ",
"total" : 67.7509038751234,
"trigger" : 42.5134815405408,
"muon_presel" : 34.9506499046023,
"muon_id" : 30.1066454231846,
"photon_sel" : 24.1338931207433,
"deltaR_muon_to_photon" : 22.8264869634103,
"deltaRPhi_quarkonia_to_photon" : 18.9212437107755,
"quarkonia_mass_cut" : 0.905639366167697,
"ratio_cuts" : 0.845106738677096,
"hz_mass_cut" : 0.841434976025397
}
