{
"sample" : "HToUpsilonGamma",
"analysisBranch" : "HtoUpsilon",
"selCategory" : "Cat0",
"systMaskYields" : "MZZZZ",
"total" : 0.000428378945807,
"trigger" : 0.000227931451514,
"muon_presel" : 0.000177970439029,
"muon_id" : 0.000154382835504,
"photon_sel" : 0.000122424371594,
"deltaR_muon_to_photon" : 0.000118199152129,
"deltaRPhi_quarkonia_to_photon" : 9.82283496129e-05,
"quarkonia_mass_cut" : 9.48759167684e-05,
"ratio_cuts" : 8.89004896695e-05,
"hz_mass_cut" : 8.8790759743e-05
}