{
"sample" : "ZToJPsiGamma",
"analysisBranch" : "ZtoJPsi",
"selCategory" : "Cat0",
"systMaskYields" : "ZZPZZ",
"total" : 8.34771649485156,
"trigger" : 4.26587054356651,
"muon_presel" : 3.32239242980741,
"muon_id" : 2.98861475284902,
"photon_sel" : 2.33564105531115,
"deltaR_muon_to_photon" : 2.32939073771741,
"deltaRPhi_quarkonia_to_photon" : 2.2499600546866,
"quarkonia_mass_cut" : 2.08032114134129,
"ratio_cuts" : 1.71395941550951,
"hz_mass_cut" : 1.68936901671381
}
