{
"sample" : "HDalitz",
"analysisBranch" : "HtoUpsilon",
"selCategory" : "Cat0",
"systMaskYields" : "ZZZZM",
"total" : 67.7509038751234,
"trigger" : 36.9698846019668,
"muon_presel" : 30.3951251718814,
"muon_id" : 26.2877779186509,
"photon_sel" : 20.8595302245698,
"deltaR_muon_to_photon" : 20.1512109806946,
"deltaRPhi_quarkonia_to_photon" : 17.5067493439832,
"quarkonia_mass_cut" : 0.837786491014539,
"ratio_cuts" : 0.789001734633846,
"hz_mass_cut" : 0.785514395211744
}
