{
"sample" : "HToJPsiGamma",
"analysisBranch" : "HtoJPsi",
"selCategory" : "Cat0",
"systMaskYields" : "ZZPZZ",
"total" : 0.33238034796487,
"trigger" : 0.173276826044355,
"muon_presel" : 0.13811066699257,
"muon_id" : 0.123044212393925,
"photon_sel" : 0.0984496614934946,
"deltaR_muon_to_photon" : 0.0955568510471958,
"deltaRPhi_quarkonia_to_photon" : 0.0787731903656669,
"quarkonia_mass_cut" : 0.0721072362964393,
"ratio_cuts" : 0.0680049027385296,
"hz_mass_cut" : 0.0679185593838535
}
