{
"sample" : "HDalitz",
"analysisBranch" : "HtoUpsilon",
"selCategory" : "Cat0",
"systMaskYields" : "ZZPZZ",
"total" : 67.7509038751234,
"trigger" : 36.9698846019668,
"muon_presel" : 30.3951251718814,
"muon_id" : 27.3160231270842,
"photon_sel" : 22.042306989676,
"deltaR_muon_to_photon" : 21.2882092938673,
"deltaRPhi_quarkonia_to_photon" : 18.4828959954512,
"quarkonia_mass_cut" : 0.884481455181684,
"ratio_cuts" : 0.832357677231343,
"hz_mass_cut" : 0.828652495814078
}
