{
"sample" : "HToUpsilon2SGamma",
"analysisBranch" : "HtoUpsilon",
"selCategory" : "Cat0",
"systMaskYields" : "ZZZZM",
"total" : 0.000101227030746166,
"trigger" : 5.38565417658404e-05,
"muon_presel" : 4.20573162632589e-05,
"muon_id" : 3.61942334589161e-05,
"photon_sel" : 2.83233106598935e-05,
"deltaR_muon_to_photon" : 2.73387977027312e-05,
"deltaRPhi_quarkonia_to_photon" : 2.27709816659891e-05,
"quarkonia_mass_cut" : 2.20475140001303e-05,
"ratio_cuts" : 2.06251306579874e-05,
"hz_mass_cut" : 2.0593722292953e-05
}
