{
"sample" : "HToUpsilon2SGamma",
"analysisBranch" : "HtoUpsilon",
"selCategory" : "Cat0",
"systMaskYields" : "ZZZZZ",
"total" : 0.000101227030746166,
"trigger" : 5.38565417658404e-05,
"muon_presel" : 4.20573162632589e-05,
"muon_id" : 3.61942334589161e-05,
"photon_sel" : 2.86212865480836e-05,
"deltaR_muon_to_photon" : 2.76258071387922e-05,
"deltaRPhi_quarkonia_to_photon" : 2.30096851624213e-05,
"quarkonia_mass_cut" : 2.22786945522637e-05,
"ratio_cuts" : 2.08421392993576e-05,
"hz_mass_cut" : 2.0810448961213e-05
}
