{
"sample" : "ZToUpsilon1SGamma",
"analysisBranch" : "ZtoUpsilon",
"selCategory" : "Cat0",
"systMaskYields" : "ZZZZP",
"total" : 1.75237109656077,
"trigger" : 0.903692192456976,
"muon_presel" : 0.70378472335283,
"muon_id" : 0.613601757835084,
"photon_sel" : 0.475357049946241,
"deltaR_muon_to_photon" : 0.473684175283408,
"deltaRPhi_quarkonia_to_photon" : 0.456199080738589,
"quarkonia_mass_cut" : 0.393872288964928,
"ratio_cuts" : 0.318823756801533,
"hz_mass_cut" : 0.314452564651441
}
