{
"sample" : "ZGTo2MuG_MMuMu-2To15",
"analysisBranch" : "ZtoUpsilon",
"selCategory" : "Cat3",
"systMaskYields" : "ZPZZZ",
"total" : 2864.9146126141,
"trigger" : 1772.3148206496,
"muon_presel" : 1381.70173484348,
"muon_id" : 1225.05805209068,
"photon_sel" : 932.670889621841,
"deltaR_muon_to_photon" : 926.747395956628,
"deltaRPhi_quarkonia_to_photon" : 891.857603434676,
"quarkonia_mass_cut" : 31.6355324491334,
"ratio_cuts" : 25.7675361830605,
"hz_mass_cut" : 5.76796581094738
}
