{
"sample" : "ZToUpsilon3SGamma",
"analysisBranch" : "ZtoUpsilon",
"selCategory" : "Cat1",
"systMaskYields" : "ZZPZZ",
"total" : 1.86772252507862,
"trigger" : 0.968975485283772,
"muon_presel" : 0.756903479800543,
"muon_id" : 0.690306018553886,
"photon_sel" : 0.53469073033671,
"deltaR_muon_to_photon" : 0.532810603593699,
"deltaRPhi_quarkonia_to_photon" : 0.512408290812443,
"quarkonia_mass_cut" : 0.00626158501024291,
"ratio_cuts" : 0.0051484128857747,
"hz_mass_cut" : 0.00235280399914946
}
