{
"sample" : "ZGTo2MuG_MMuMu-2To15",
"analysisBranch" : "ZtoUpsilon",
"selCategory" : "Cat2",
"systMaskYields" : "ZZMZZ",
"total" : 2864.9146126141,
"trigger" : 1685.0989574499,
"muon_presel" : 1313.60565292429,
"muon_id" : 1120.67621019111,
"photon_sel" : 845.761227911561,
"deltaR_muon_to_photon" : 842.355608306488,
"deltaRPhi_quarkonia_to_photon" : 812.326016184859,
"quarkonia_mass_cut" : 28.8473131671512,
"ratio_cuts" : 23.5505900501783,
"hz_mass_cut" : 6.75278820764262
}
