{
"sample" : "HDalitz",
"analysisBranch" : "HtoUpsilon",
"selCategory" : "Cat0",
"systMaskYields" : "ZZZMZ",
"total" : 67.7509038751234,
"trigger" : 36.9698846019668,
"muon_presel" : 30.3951251718814,
"muon_id" : 26.2877779186509,
"photon_sel" : 20.833341198823,
"deltaR_muon_to_photon" : 20.1236149943748,
"deltaRPhi_quarkonia_to_photon" : 17.4798382231499,
"quarkonia_mass_cut" : 0.83648053622434,
"ratio_cuts" : 0.787763877119776,
"hz_mass_cut" : 0.784280344106793
}
