{
"sample" : "HToUpsilon1SGamma",
"analysisBranch" : "HtoUpsilon",
"selCategory" : "Cat0",
"systMaskYields" : "MZZZZ",
"total" : 0.000230587533937797,
"trigger" : 0.00012259997972339,
"muon_presel" : 9.57423417916674e-05,
"muon_id" : 8.30934705443277e-05,
"photon_sel" : 6.59253182953896e-05,
"deltaR_muon_to_photon" : 6.36621351636419e-05,
"deltaRPhi_quarkonia_to_photon" : 5.27860798292069e-05,
"quarkonia_mass_cut" : 5.07651164328823e-05,
"ratio_cuts" : 4.75808376394449e-05,
"hz_mass_cut" : 4.75245219067555e-05
}
