{
"sample" : "HDalitz",
"analysisBranch" : "HtoJPsi",
"selCategory" : "Cat0",
"systMaskYields" : "ZZZZP",
"total" : 67.7509038751234,
"trigger" : 36.9698846019668,
"muon_presel" : 30.3951251718814,
"muon_id" : 26.2877779186509,
"photon_sel" : 21.300678481369,
"deltaR_muon_to_photon" : 20.5767060938863,
"deltaRPhi_quarkonia_to_photon" : 17.8761817465723,
"quarkonia_mass_cut" : 0.208527418136266,
"ratio_cuts" : 0.198439416424585,
"hz_mass_cut" : 0.196684705399295
}
