{
"sample" : "ZToUpsilon1SGamma",
"analysisBranch" : "ZtoUpsilon",
"selCategory" : "Cat2",
"systMaskYields" : "ZPZZZ",
"total" : 1.75237109656077,
"trigger" : 0.948206090698099,
"muon_presel" : 0.738525692476451,
"muon_id" : 0.643901658714039,
"photon_sel" : 0.493400738726404,
"deltaR_muon_to_photon" : 0.49071527856937,
"deltaRPhi_quarkonia_to_photon" : 0.471654664344405,
"quarkonia_mass_cut" : 0.407104439257485,
"ratio_cuts" : 0.329407647532975,
"hz_mass_cut" : 0.0890823666654367
}
