{
"sample" : "ZToUpsilon2SGamma",
"analysisBranch" : "ZtoUpsilon",
"selCategory" : "Cat2",
"systMaskYields" : "ZZPZZ",
"total" : 1.88910403141445,
"trigger" : 0.985632480229882,
"muon_presel" : 0.764274248378116,
"muon_id" : 0.691391454798603,
"photon_sel" : 0.53700057454713,
"deltaR_muon_to_photon" : 0.534891537830762,
"deltaRPhi_quarkonia_to_photon" : 0.514870465389955,
"quarkonia_mass_cut" : 0.0141999680359334,
"ratio_cuts" : 0.0107498668844157,
"hz_mass_cut" : 0.00230419008891531
}
