{
"sample" : "ZToUpsilon3SGamma",
"analysisBranch" : "ZtoUpsilon",
"selCategory" : "Cat0",
"systMaskYields" : "ZZMZZ",
"total" : 1.86772252507862,
"trigger" : 0.968975485283772,
"muon_presel" : 0.756903479800543,
"muon_id" : 0.638184364103407,
"photon_sel" : 0.485686295790042,
"deltaR_muon_to_photon" : 0.483993139747217,
"deltaRPhi_quarkonia_to_photon" : 0.465422238674223,
"quarkonia_mass_cut" : 0.00564911632572026,
"ratio_cuts" : 0.00465958951963728,
"hz_mass_cut" : 0.00463164273863988
}
