{
"sample" : "ZGTo2MuG_MMuMu-2To15",
"analysisBranch" : "ZtoJPsi",
"selCategory" : "Cat1",
"systMaskYields" : "ZZZZP",
"total" : 2864.9146126141,
"trigger" : 1685.0989574499,
"muon_presel" : 1313.60565292429,
"muon_id" : 1164.9640835597,
"photon_sel" : 896.431959775485,
"deltaR_muon_to_photon" : 892.809094361401,
"deltaRPhi_quarkonia_to_photon" : 861.035479524761,
"quarkonia_mass_cut" : 4.74437158148766,
"ratio_cuts" : 4.00681489962953,
"hz_mass_cut" : 1.94657130291425
}
