{
"sample" : "HToUpsilon3SGamma",
"analysisBranch" : "HtoUpsilon",
"selCategory" : "Cat0",
"systMaskYields" : "ZZZZP",
"total" : 9.72815881221972e-05,
"trigger" : 5.17252240161044e-05,
"muon_presel" : 4.053750840729e-05,
"muon_id" : 3.49634987062724e-05,
"photon_sel" : 2.80133566866624e-05,
"deltaR_muon_to_photon" : 2.70377089164326e-05,
"deltaRPhi_quarkonia_to_photon" : 2.25335142279055e-05,
"quarkonia_mass_cut" : 2.18907857153351e-05,
"ratio_cuts" : 2.0545187501385e-05,
"hz_mass_cut" : 2.05219141866958e-05
}
