{
"sample" : "HToJPsiGamma",
"analysisBranch" : "HtoJPsi",
"selCategory" : "Cat0",
"systMaskYields" : "ZZZZM",
"total" : 0.33238034796487,
"trigger" : 0.173276826044355,
"muon_presel" : 0.13811066699257,
"muon_id" : 0.118373582780037,
"photon_sel" : 0.0931207589485211,
"deltaR_muon_to_photon" : 0.090410910999267,
"deltaRPhi_quarkonia_to_photon" : 0.0745952598928711,
"quarkonia_mass_cut" : 0.0683175308382784,
"ratio_cuts" : 0.0644779238410195,
"hz_mass_cut" : 0.0643962653855221
}
