{
"sample" : "HToUpsilonGamma",
"analysisBranch" : "HtoUpsilon",
"selCategory" : "Cat0",
"systMaskYields" : "ZZZZZ",
"total" : 0.000428991623135,
"trigger" : 0.000228036520589,
"muon_presel" : 0.000178446334505,
"muon_id" : 0.000153790618995,
"photon_sel" : 0.000121850749847,
"deltaR_muon_to_photon" : 0.000117634616515,
"deltaRPhi_quarkonia_to_photon" : 9.77524782915e-05,
"quarkonia_mass_cut" : 9.43180801907e-05,
"ratio_cuts" : 8.83921007428e-05,
"hz_mass_cut" : 8.82827320375e-05
}