{
"sample" : "HToUpsilon3SGamma",
"analysisBranch" : "HtoUpsilon",
"selCategory" : "Cat0",
"systMaskYields" : "ZZZMZ",
"total" : 9.72815881221972e-05,
"trigger" : 5.17252240161044e-05,
"muon_presel" : 4.053750840729e-05,
"muon_id" : 3.49634987062724e-05,
"photon_sel" : 2.74015226424301e-05,
"deltaR_muon_to_photon" : 2.64444825302595e-05,
"deltaRPhi_quarkonia_to_photon" : 2.20346742857837e-05,
"quarkonia_mass_cut" : 2.14057983770474e-05,
"ratio_cuts" : 2.00884358485238e-05,
"hz_mass_cut" : 2.00656327439905e-05
}
