{
"sample" : "HToUpsilonGamma",
"analysisBranch" : "HtoUpsilon",
"selCategory" : "Cat0",
"systMaskYields" : "ZZMZZ",
"total" : 0.000428991623135,
"trigger" : 0.000228036520589,
"muon_presel" : 0.000178446334505,
"muon_id" : 0.000147741716735,
"photon_sel" : 0.000116224187079,
"deltaR_muon_to_photon" : 0.000112239985283,
"deltaRPhi_quarkonia_to_photon" : 9.3347168296e-05,
"quarkonia_mass_cut" : 9.00818556446e-05,
"ratio_cuts" : 8.44992878137e-05,
"hz_mass_cut" : 8.43956786376e-05
}