{
"sample" : "HToJPsiGamma",
"analysisBranch" : "HtoJPsi",
"selCategory" : "Cat0",
"systMaskYields" : "PZZZZ",
"total" : 0.332244699215625,
"trigger" : 0.172997256014676,
"muon_presel" : 0.138110608658224,
"muon_id" : 0.117635507560219,
"photon_sel" : 0.0934291744474284,
"deltaR_muon_to_photon" : 0.0907077770239437,
"deltaRPhi_quarkonia_to_photon" : 0.074837956814955,
"quarkonia_mass_cut" : 0.0684535443338248,
"ratio_cuts" : 0.0646016724692243,
"hz_mass_cut" : 0.064519702408456
}
