{
"sample" : "ZToJPsiGamma",
"analysisBranch" : "ZtoJPsi",
"selCategory" : "Cat2",
"systMaskYields" : "ZMZZZ",
"total" : 8.34771649485156,
"trigger" : 4.06309670044009,
"muon_presel" : 3.16315941664661,
"muon_id" : 2.73701809400178,
"photon_sel" : 2.12195206738222,
"deltaR_muon_to_photon" : 2.11905694626515,
"deltaRPhi_quarkonia_to_photon" : 2.05128858832498,
"quarkonia_mass_cut" : 1.89792953164904,
"ratio_cuts" : 1.56721335584568,
"hz_mass_cut" : 0.432191059843671
}
