{
"sample" : "ZGTo2MuG_MMuMu-2To15",
"analysisBranch" : "ZtoJPsi",
"selCategory" : "Cat3",
"systMaskYields" : "ZZMZZ",
"total" : 2864.9146126141,
"trigger" : 1685.0989574499,
"muon_presel" : 1313.60565292429,
"muon_id" : 1120.67621019111,
"photon_sel" : 845.761227911561,
"deltaR_muon_to_photon" : 842.355608306488,
"deltaRPhi_quarkonia_to_photon" : 812.326016184859,
"quarkonia_mass_cut" : 4.47708320561895,
"ratio_cuts" : 3.78552612603457,
"hz_mass_cut" : 0.953259008910734
}
