{
"sample" : "ZToUpsilon2SGamma",
"analysisBranch" : "ZtoUpsilon",
"selCategory" : "Cat2",
"systMaskYields" : "ZZZZZ",
"total" : 1.88910403141445,
"trigger" : 0.985632480229882,
"muon_presel" : 0.764274248378116,
"muon_id" : 0.665376238526876,
"photon_sel" : 0.512534822574031,
"deltaR_muon_to_photon" : 0.510520085577346,
"deltaRPhi_quarkonia_to_photon" : 0.491408958005591,
"quarkonia_mass_cut" : 0.013467410423465,
"ratio_cuts" : 0.0102142987965863,
"hz_mass_cut" : 0.00219554297072223
}
