{
"sample" : "ZGTo2MuG_MMuMu-2To15",
"analysisBranch" : "ZtoJPsi",
"selCategory" : "Cat3",
"systMaskYields" : "ZZZPZ",
"total" : 2864.9146126141,
"trigger" : 1685.0989574499,
"muon_presel" : 1313.60565292429,
"muon_id" : 1164.9640835597,
"photon_sel" : 897.351941645798,
"deltaR_muon_to_photon" : 893.73384316087,
"deltaRPhi_quarkonia_to_photon" : 861.94091129227,
"quarkonia_mass_cut" : 4.74919332644764,
"ratio_cuts" : 4.01012532433244,
"hz_mass_cut" : 1.02127620390246
}
