{
"sample" : "ZGTo2MuG_MMuMu-2To15",
"analysisBranch" : "ZtoUpsilon",
"selCategory" : "Cat3",
"systMaskYields" : "ZZZZP",
"total" : 2864.9146126141,
"trigger" : 1685.0989574499,
"muon_presel" : 1313.60565292429,
"muon_id" : 1164.9640835597,
"photon_sel" : 896.431959775485,
"deltaR_muon_to_photon" : 892.809094361401,
"deltaRPhi_quarkonia_to_photon" : 861.035479524761,
"quarkonia_mass_cut" : 30.5673730923771,
"ratio_cuts" : 24.9064609189714,
"hz_mass_cut" : 5.38248584087539
}
