{
"sample" : "ZToUpsilon2SGamma",
"analysisBranch" : "ZtoUpsilon",
"selCategory" : "Cat1",
"systMaskYields" : "ZMZZZ",
"total" : 1.88910403141445,
"trigger" : 0.937724704239612,
"muon_presel" : 0.727021045867412,
"muon_id" : 0.63310195833548,
"photon_sel" : 0.487672593594076,
"deltaR_muon_to_photon" : 0.486631263288432,
"deltaRPhi_quarkonia_to_photon" : 0.469418960513432,
"quarkonia_mass_cut" : 0.0128229970809997,
"ratio_cuts" : 0.00974503886247843,
"hz_mass_cut" : 0.00524993240727997
}
