{
"sample" : "HToUpsilon1SGamma",
"analysisBranch" : "HtoUpsilon",
"selCategory" : "Cat0",
"systMaskYields" : "ZMZZZ",
"total" : 0.000230483004266278,
"trigger" : 9.92713261718488e-05,
"muon_presel" : 7.76319607898061e-05,
"muon_id" : 6.73986218970936e-05,
"photon_sel" : 5.35830175818071e-05,
"deltaR_muon_to_photon" : 5.36709344765142e-05,
"deltaRPhi_quarkonia_to_photon" : 4.8119456241223e-05,
"quarkonia_mass_cut" : 4.63800841981223e-05,
"ratio_cuts" : 4.42385942467466e-05,
"hz_mass_cut" : 4.41967975668723e-05
}
