{
"sample" : "HToUpsilon1SGamma",
"analysisBranch" : "HtoUpsilon",
"selCategory" : "Cat0",
"systMaskYields" : "ZZMZZ",
"total" : 0.000230483004266278,
"trigger" : 0.000122454754807425,
"muon_presel" : 9.58515098342535e-05,
"muon_id" : 7.93822316080929e-05,
"photon_sel" : 6.24827029622499e-05,
"deltaR_muon_to_photon" : 6.03516867001165e-05,
"deltaRPhi_quarkonia_to_photon" : 5.00805305672738e-05,
"quarkonia_mass_cut" : 4.81138452552925e-05,
"ratio_cuts" : 4.51403511046209e-05,
"hz_mass_cut" : 4.5088714361392e-05
}
