{
"sample" : "HToUpsilon2SGamma",
"analysisBranch" : "HtoUpsilon",
"selCategory" : "Cat0",
"systMaskYields" : "ZZMZZ",
"total" : 0.000101227030746166,
"trigger" : 5.38565417658404e-05,
"muon_presel" : 4.20573162632589e-05,
"muon_id" : 3.47708359012832e-05,
"photon_sel" : 2.7296863478761e-05,
"deltaR_muon_to_photon" : 2.63560001465491e-05,
"deltaRPhi_quarkonia_to_photon" : 2.19702556652914e-05,
"quarkonia_mass_cut" : 2.12761673913593e-05,
"ratio_cuts" : 1.99224221766245e-05,
"hz_mass_cut" : 1.98922880073105e-05
}
