{
"sample" : "HToUpsilonGamma",
"analysisBranch" : "HtoUpsilon",
"selCategory" : "Cat0",
"systMaskYields" : "ZMZZZ",
"total" : 0.000428991623135,
"trigger" : 0.000185412709331,
"muon_presel" : 0.000144938302552,
"muon_id" : 0.000125764008981,
"photon_sel" : 9.98529605107e-05,
"deltaR_muon_to_photon" : 0.000100015003938,
"deltaRPhi_quarkonia_to_photon" : 8.97361430607e-05,
"quarkonia_mass_cut" : 8.68675219583e-05,
"ratio_cuts" : 8.28205365516e-05,
"hz_mass_cut" : 8.2740592426e-05
}