{
"sample" : "ZToJPsiGamma",
"analysisBranch" : "ZtoJPsi",
"selCategory" : "Cat0",
"systMaskYields" : "ZZZPZ",
"total" : 8.34771649485156,
"trigger" : 4.26587054356651,
"muon_presel" : 3.32239242980741,
"muon_id" : 2.87475482654509,
"photon_sel" : 2.25383317584665,
"deltaR_muon_to_photon" : 2.24782322461923,
"deltaRPhi_quarkonia_to_photon" : 2.17113538792802,
"quarkonia_mass_cut" : 2.0082976775847,
"ratio_cuts" : 1.65675284061266,
"hz_mass_cut" : 1.63298295731342
}
