{
"sample" : "HToUpsilon3SGamma",
"analysisBranch" : "HtoUpsilon",
"selCategory" : "Cat0",
"systMaskYields" : "ZPZZZ",
"total" : 9.72815881221972e-05,
"trigger" : 6.12049393343284e-05,
"muon_presel" : 4.8013585875124e-05,
"muon_id" : 4.12423296234211e-05,
"photon_sel" : 3.26546882280324e-05,
"deltaR_muon_to_photon" : 3.06833645554807e-05,
"deltaRPhi_quarkonia_to_photon" : 2.40993445910716e-05,
"quarkonia_mass_cut" : 2.33417993485704e-05,
"ratio_cuts" : 2.15918325768256e-05,
"hz_mass_cut" : 2.15630305686012e-05
}
