{
"sample" : "ZToUpsilon2SGamma",
"analysisBranch" : "ZtoUpsilon",
"selCategory" : "Cat0",
"systMaskYields" : "ZZZPZ",
"total" : 1.88910403141445,
"trigger" : 0.985632480229882,
"muon_presel" : 0.764274248378116,
"muon_id" : 0.665376238526876,
"photon_sel" : 0.518365123944226,
"deltaR_muon_to_photon" : 0.516330203635484,
"deltaRPhi_quarkonia_to_photon" : 0.496998048922421,
"quarkonia_mass_cut" : 0.013634935246002,
"ratio_cuts" : 0.0103437367738678,
"hz_mass_cut" : 0.0102052319648714
}
