{
"sample" : "HToUpsilonGamma",
"analysisBranch" : "HtoUpsilon",
"selCategory" : "Cat0",
"systMaskYields" : "ZZZMZ",
"total" : 0.000428991623135,
"trigger" : 0.000228036520589,
"muon_presel" : 0.000178446334505,
"muon_id" : 0.000153790618995,
"photon_sel" : 0.000120431671308,
"deltaR_muon_to_photon" : 0.000116250308873,
"deltaRPhi_quarkonia_to_photon" : 9.65815883084e-05,
"quarkonia_mass_cut" : 9.31872881262e-05,
"ratio_cuts" : 8.73290769933e-05,
"hz_mass_cut" : 8.72209367649e-05
}