{
"sample" : "HToUpsilon1SGamma",
"analysisBranch" : "HtoUpsilon",
"selCategory" : "Cat0",
"systMaskYields" : "ZZZMZ",
"total" : 0.000230483004266278,
"trigger" : 0.000122454754807425,
"muon_presel" : 9.58515098342535e-05,
"muon_id" : 8.26328868298237e-05,
"photon_sel" : 6.47427516331025e-05,
"deltaR_muon_to_photon" : 6.25056770011902e-05,
"deltaRPhi_quarkonia_to_photon" : 5.18129643151369e-05,
"quarkonia_mass_cut" : 4.97698646306549e-05,
"ratio_cuts" : 4.66488784699652e-05,
"hz_mass_cut" : 4.6594882582627e-05
}
