{
"sample" : "ZToJPsiGamma",
"analysisBranch" : "ZtoJPsi",
"selCategory" : "Cat0",
"systMaskYields" : "ZZZMZ",
"total" : 8.34771649485156,
"trigger" : 4.26587054356651,
"muon_presel" : 3.32239242980741,
"muon_id" : 2.87475482654509,
"photon_sel" : 2.20331165942282,
"deltaR_muon_to_photon" : 2.19742014951719,
"deltaRPhi_quarkonia_to_photon" : 2.12247748637677,
"quarkonia_mass_cut" : 1.96327937671277,
"ratio_cuts" : 1.62021438215176,
"hz_mass_cut" : 1.59702571152497
}
