{
"sample" : "HToUpsilon3SGamma",
"analysisBranch" : "HtoUpsilon",
"selCategory" : "Cat0",
"systMaskYields" : "PZZZZ",
"total" : 9.75456843912897e-05,
"trigger" : 5.17925525623805e-05,
"muon_presel" : 4.06782235101453e-05,
"muon_id" : 3.48379551312732e-05,
"photon_sel" : 2.75902418906982e-05,
"deltaR_muon_to_photon" : 2.6630319534684e-05,
"deltaRPhi_quarkonia_to_photon" : 2.21978505905131e-05,
"quarkonia_mass_cut" : 2.15409423302628e-05,
"ratio_cuts" : 2.02185951110808e-05,
"hz_mass_cut" : 2.01949206638588e-05
}
