{
"sample" : "HToUpsilon2SGamma",
"analysisBranch" : "HtoUpsilon",
"selCategory" : "Cat0",
"systMaskYields" : "MZZZZ",
"total" : 0.000100706214257748,
"trigger" : 5.36360381884694e-05,
"muon_presel" : 4.17968139365732e-05,
"muon_id" : 3.61736407509978e-05,
"photon_sel" : 2.86224816333472e-05,
"deltaR_muon_to_photon" : 2.76296909082412e-05,
"deltaRPhi_quarkonia_to_photon" : 2.30217877117063e-05,
"quarkonia_mass_cut" : 2.23075415228438e-05,
"ratio_cuts" : 2.0859763369098e-05,
"hz_mass_cut" : 2.08289751086076e-05
}
