{
"sample" : "HDalitz",
"analysisBranch" : "HtoUpsilon",
"selCategory" : "Cat0",
"systMaskYields" : "ZZZPZ",
"total" : 67.7509038751234,
"trigger" : 36.9698846019668,
"muon_presel" : 30.3951251718814,
"muon_id" : 26.2877779186509,
"photon_sel" : 21.326867507116,
"deltaR_muon_to_photon" : 20.6043020802065,
"deltaRPhi_quarkonia_to_photon" : 17.9030928674063,
"quarkonia_mass_cut" : 0.85673640022686,
"ratio_cuts" : 0.806896524761787,
"hz_mass_cut" : 0.803330515180121
}
